input_str,lbel
0123889563510,1
1899206904761,1
3365829192780,1
2639020914790,1
1651027184761,1
0430970025237,1
4790203713720,1
1872121543324,1
0189936264790,1
0149580553682,1
2919139566469,1
3260023273388,1
0050666705332,1
2368424255332,1
2296619833559,1
0442733123134,1
0672239801795,1
1473830233134,1
0148542053510,1
1966111574309,1
0150727754310,1
1810318213553,1
2931462833980,1
0173171186659,1
3606827183270,1
0648214153134,1
1314309683510,1
2037125984310,1
0938820752996,1
3070315054309,1
0106502780,1
1821282514349,1
0389612383559,1
0291948565774,1
0335739013270,1
3901146694761,1
2281725983553,1
0310406659,1
0148598314521,1
3901100863695,1
1731192071495,1
2713336582998,1
0195971183559,1
0143024253720,1
3150515073980,1
3306993553,1
0182836621495,1
3365812382780,1
3414119541821,1
0133230701129,1
2467114854309,1
0124389401157,1
0805522312780,1
0896727801795,1
0307015021731,1
0232712351899,1
0711819594051,1
0516327182598,1
0940102561495,1
0368214101120,1
3096842791,1
0268267613270,1
0637018213324,1
1314132392548,1
0293112453682,1
0506644854790,1
0516310652091,1
2639018211120,1
0195449052091,1
0430916284310,1
0779427186469,1
4543633124310,1
0490520783559,1
0817822313388,1
0143012381954,1
1485315054524,1
4310337634304,1
2996147382791,1
1651025483324,1
3512114853132,1
0192329191238,1
1507242881731,1
1651026823104,1
3132110473720,1
1611739014521,1
2857135805332,1
1129281184051,1
3312192074869,1
0028163695,1
0142914955999,1
0141548566659,1
0248144732791,1
4125061821,1
2713111131731,1
1104714855066,1
0291944852091,1
1111332705332,1
0718418282425,1
0529617313365,1
3365814332414,1
0291928002682,1
0150744853559,1
0896733651795,1
0544953325774,1
2183219543695,1
1731309683132,1
1314246712075,1
1507236842598,1
0133225484304,1
1954102562414,1
0292016282816,1
2999147482682,1
1959146692670,1
0389619544869,1
0106591026169,1
2467111294790,1
1314129212425,1
0189985265332,1
2446227184309,1
1266029312091,1
0048613322327,1
0094062244349,1
3070147383324,1
1983176452920,1
2919192075066,1
2281724815705,1
1080410652996,1
1507206901795,1
2154206905774,1
1872129966659,1
1474831344790,1
1270315052598,1
2075100702231,1
0192331344524,1
4310187082816,1
0299677943104,1
3682125064051,1
2791146694521,1
0438124813365,1
0127012352154,1
2825130233901,1
0014331795,1
2999117962075,1
1872130703023,1
0718425984304,1
0115736455774,1
0805533884790,1
2075110475237,1
2481203714790,1
1358039014524,1
0485619593104,1
2359429195332,1
1611726822670,1
0486161172999,1
0648229981433,1
0368244734349,1
0018285999,1
1065119185066,1
0271327763510,1
0355381783695,1
3069935103365,1
1959181953553,1
3414152375774,1
0112042243720,1
0280043493720,1
0117969402414,1
1120306995066,1
0182880553559,1
2037139014304,1
3181035237,1
1473827131828,1
0332415024521,1
4309203712425,1
3553132392425,1
1007029201120,1
1358029982481,1
1872139805237,1
3096815582682,1
1323915584521,1
0150736621120,1
3104129214790,1
0278077944304,1
0902526704869,1
3023360681065,1
0299644853720,1
0676135102414,1
3070181952780,1
1912219594304,1
1920725982869,1
0136835104051,1
3901181955333,1
2481462831899,1
0277511292414,1
0136814954790,1
1266019832078,1
0490524145774,1
3682147482425,1
0299836266469,1
0267024781899,1
0115712451954,1
1191810654761,1
2811848693695,1
2548377585066,1
0123530233,1
0470022598,1
1250629982791,1
0277625481120,1
1270132393132,1
0281652542791,1
3559129214309,1
3070272242091,1
3901196612154,1
0299885624349,1
1068120755066,1
2780147382414,1
0209112354309,1
0711839804790,1
1495229662548,1
0442729311065,1
2428811202791,1
0452413324521,1
2327281182920,1
0020784304,1
1473833123559,1
0143336262548,1
2368411292231,1
2091341413365,1
1120494005333,1
2825129995999,1
2481147481120,1
1966112705999,1
0143351032869,1
1561129985333,1
3980100863324,1
0364520784761,1
0910211292670,1
1474811572791,1
0150752543270,1
0014156701120,1
0779435103104,1
2670106815237,1
5705246714521,1
3134191223324,1
0026826705066,1
3132132393682,1
2296630703980,1
1415218321314,1
1111331321120,1
0112936261238,1
0506652963388,1
0462839401065,1
2811830232931,1
0291913391899,1
2999139561433,1
0271327764051,1
0143333493,1
1250640513553,1
0313244273559,1
0209119234349,1
0155813682670,1
1561120781821,1
0292818284761,1
0852630705333,1
0940176451415,1
3365811571795,1
0115777943553,1
2713111131495,1
3150529983559,1
1433228173695,1
4282512996,1
5333454363388,1
1129196612920,1
0136819832857,1
1415165105333,1
1731146693134,1
3775830702548,1
0368229283980,1
1473812702682,1
0313280556659,1
1433157755332,1
1270191224349,1
0141041120,1
1008625482816,1
4628331345999,1
0299943715066,1
0062244862857,1
2722414851795,1
2825112704051,1
0112998314349,1
0268229285999,1
0430454495774,1
0141589672670,1
1558135804790,1
3365811203134,1
3365811293553,1
0852631321899,1
2428819592816,1
0148529282327,1
1080432703720,1
0207813682920,1
3365814154,1
0019239404051,1
2713111135332,1
1651047614521,1
1983360682718,1
1415351215237,1
0676129191821,1
0112033573270,1
0438129312682,1
0314301821,1
2580015074304,1
0856219545705,1
1065161173365,1
2718377581821,1
0389611291983,1
0332413396469,1
0983125482857,1
1983129213510,1
0292830231433,1
3069929313104,1
0313213682425,1
2467129981495,1
0431024782154,1
0271348452682,1
0133910653132,1
2075146691959,1
2718235942857,1
0014309402154,1
1025631323980,1
0648230703720,1
0195451032598,1
1179629992791,1
1238119182075,1
3023360685066,1
0081784861828,1
1611719544761,1
1415163523901,1
2425156115705,1
2931494003,1
2359453333695,1
0155870025237,1
0277618284310,1
0430451035705,1
1157309684310,1
2920272245999,1
0133917956659,1
1561119835999,1
0856226824524,1
3070462831821,1
3376318212414,1
0940336582327,1
4628329991120,1
0420511205237,1
1292117313104,1
1983106815774,1
0293164825332,1
0516314954349,1
0856233123,1
1065192071507,1
0506681783324,1
1983157754524,1
2075263902670,1
0510314853901,1
0637014332598,1
2467119543901,1
2780100863104,1
0277615583553,1
3150519832327,1
1266025984521,1
0141564821270,1
0622439012414,1
0271385264524,1
1635233245999,1
2281714953365,1
2481117961270,1
1466911293134,1
2281711296659,1
2359414332857,1
0195489224524,1
0133233124349,1
2816132393104,1
3023146692414,1
2998117961795,1
0106516282791,1
0331213324309,1
0259851635332,1
0817813142414,1
2368429203720,1
0355916282154,1
2281725983134,1
0476127763695,1
1395629203388,1
1611730231495,1
0148515025705,1
0277517312548,1
0437161695999,1
1179633121485,1
0162820911899,1
0143029191795,1
0063704863134,1
1111330704,1
0112936454309,1
0182854492548,1
3365833124761,1
0182148455237,1
1912233883720,1
2428853335999,1
0711826823388,1
0484527802920,1
0112044273365,1
2825153332154,1
4940031325066,1
1577515584,1
0206909401485,1
2359415581899,1
3150515581959,1
2580011575705,1
1008629204869,1
3023263902919,1
2078132393365,1
2467114854304,1
0910245066,1
2428829993270,1
1179652371795,1
2718326002670,1
1577518992425,1
3023129211828,1
1157163522481,1
2598272242780,1
2639027132091,1
0133225485774,1
2639033245332,1
0123511202425,1
3096827183559,1
1395666595332,1
0362628163324,1
1323926823559,1
1007027804051,1
0141033653134,1
3901135804309,1
2368431323388,1
1635223272831,1
1025620912816,1
0448543045332,1
0327014303324,1
2075129214051,1
2580020782718,1
0856214955774,1
0141011202816,1
0123827762718,1
0155819232231,1
3901146693682,1
0983148693720,1
0442718284304,1
0983152374761,1
4126603104,1
1828111135705,1
2999203712869,1
0302327765705,1
3312196611954,1
1104719542154,1
0779424811828,1
1828135802154,1
2919192073553,1
0150219593720,1
3980206903720,1
2857147384304,1
0299824782548,1
0133928573720,1
0292839803553,1
1507181951270,1
1008626702598,1
0271843812231,1
0271371182931,1
0133922314761,1
1129106814310,1
0127093882791,1
0895612702670,1
0438132702869,1
2428828571899,1
1731258002091,1
0938825482154,1
2998181955332,1
3901147483388,1
3270336583388,1
1466930702718,1
0389629194304,1
0334915584309,1
1635227134761,1
0389629192231,1
1129315052091,1
0259813682920,1
0523785844304,1
2713351214,1
1731111132831,1
0173043095066,1
0127049054524,1
3510258002816,1
1433337632481,1
1157236844761,1
0155844853695,1
0143015074521,1
2670147484349,1
2359435536469,1
0150214956469,1
0173015075066,1
3559176454790,1
0247813141731,1
1243833121433,1
1558187216659,1
0029284862670,1
0254821213901,1
0182836261899,1
1558157751983,1
3510102565332,1
3134181035774,1
0115762241821,1
3069924812857,1
0254814291795,1
0143352964310,1
0486326005705,1
0150743811899,1
1433108045705,1
2231146693553,1
0902527804310,1
0938814851314,1
0133229311821,1
1008623272996,1
1966135592414,1
0141022314349,1
0173019543104,1
0280017312996,1
0362631346469,1
1025611571959,1
0700224144761,1
0131444733134,1
0414103134,1
0027135066,1
2091165103559,1
0148591021415,1
0983112381828,1
1266057055774,1
0896729992996,1
0448524142996,1
1561143093695,1
3510125066469,1
0983112703270,1
1025626705333,1
3192075333,1
3695377585774,1
1474815585066,1
1395617312414,1
2446214334761,1
0189990253104,1
0280028162425,1
0484529192425,1
2154181036469,1
0293143712078,1
0209138965066,1
0115780551065,1
1561126821795,1
0940203712481,1
0442743103365,1
0028009401314,1
2996228173695,1
0351089565999,1
0817823272154,1
1651017312857,1
4349100864051,1
0212127132481,1
0700229983720,1
0472229282425,1
1912217314,1
0292033493365,1
1473824816659,1
3312119181558,1
1899341413695,1
0437133122078,1
2075228173682,1
0148536456169,1
2816125063134,1
0292835105774,1
0192312704309,1
2931187214304,1
0335720912231,1
1065111132670,1
0124525482414,1
4628336822996,1
0442729192816,1
0285713685066,1
1983246713682,1
2598147482154,1
0291990255333,1
0150777942548,1
0711832703134,1
5237336585999,1
0299913324,1
0232719236659,1
0094004761,1
3270192075774,1
3260013143695,1
0447340514524,1
0115713391270,1
0272244863510,1
2811831323,1
3559192071795,1
0805536822780,1
1068114152920,1
3365218321899,1
1962223273720,1
0195451031899,1
0173029984521,1
2996309684790,1
4543614151129,1
1129196611959,1
2780157756469,1
1157258001129,1
0302370021238,1
0938819542780,1
4940014334524,1
2078176454310,1
0115721212780,1
2580012385705,1
1314263902598,1
0207536266659,1
0247827912425,1
1764513145237,1
3312161172996,1
4191222869,1
0312452996,1
0278043715333,1
0281690253720,1
4543629311129,1
0030236703104,1
1250631042425,1
3414126825774,1
2154337634869,1
0299848451828,1
1635214852996,1
3069920913553,1
1323933122816,1
0123547904524,1
2037114951120,1
0115714296659,1
1314462836659,1
2078351214524,1
3376314152996,1
0271338961120,1
0430980553388,1
0334913143,1
1120258004349,1
0048615021485,1
0523727755332,1
3365819544310,1
3388110474304,1
0327027753695,1
0115705333,1
0271328003695,1
1821165105332,1
1111313142078,1
0024789405237,1
4051147383388,1
0516317313388,1
0277524812816,1
0141513323510,1
0106520502857,1
4940010651983,1
2281727184524,1
3104244625774,1
0150229191485,1
0162831322996,1
0983133243720,1
1157161175066,1
1104710654310,1
0479062243324,1
2296642718,1
0195914301821,1
0192343495332,1
0254814294310,1
1983242883553,1
0331221211959,1
1920711293324,1
3559176452425,1
0124520754869,1
1008626822548,1
0700215582154,1
0015024861065,1
2998235941507,1
0207589221821,1
1651011204790,1
0281638962154,1
1959157752996,1
2825125482598,1
2481123522598,1
0291912454521,1
0442724146469,1
0165104863682,1
4181032857,1
3553306995774,1
0405144272414,1
0149552963559,1
0292013684051,1
0892212702091,1
3263903980,1
0335719541270,1
2998123525705,1
0292830704761,1
0148571842075,1
1008619595999,1
1129396303365,1
0307029284349,1
4543619832231,1
1415282516169,1
0852615075237,1
1731106815774,1
2713187211795,1
3365821542425,1
0026822718,1
1983181031959,1
0029986704051,1
3414111573682,1
2780123525237,1
0437129203324,1
0364539015066,1
0622429313720,1
1912235593695,1
0478453720,1
0368252545999,1
0895625981899,1
0207554491795,1
3553462835705,1
2811810651821,1
1065396302078,1
0149589562816,1
2713206901129,1
0336536453270,1
2183221545705,1
0355971184349,1
0048613321120,1
3963034304,1
0248105066,1
0331204,1
2231146692996,1
1651018283901,1
0150727753720,1
0228179403104,1
4349242883324,1
0268217304310,1
0012706702718,1
0048691024790,1
1651031322857,1
0173127764349,1
1266012382816,1
4349236846169,1
0141030231270,1
3980236842791,1
2281725982231,1
1474829993365,1
2713309681507,1
0676130704790,1
0910228572780,1
1266033121157,1
0131436451821,1
1466931322327,1
1507106815999,1
1983396302598,1
1828236842857,1
1025635102791,1
0516329311157,1
0364545332,1
3365146694304,1
2670146692857,1
2428818993324,1
0389564521,1
1920720785333,1
0036826703270,1
4349119185705,1
0148567612425,1
0510334309,1
3070108041507,1
0389629191983,1
1415181031238,1
0292835104869,1
0364537205774,1
0711840513980,1
1983228175237,1
0299815611940,1
0123511293270,1
1025627914869,1
0313413325332,1
3963012702327,1
1963092791,1
2998163522780,1
1007039803270,1
0247813142718,1
2682326004304,1
2920117962996,1
0277627184051,1
1731146691899,1
4761326005332,1
0448527803365,1
2639015584761,1
0852626702425,1
2091309685332,1
0805530702327,1
0123838966469,1
0124529202414,1
1474819541495,1
0302324783388,1
1415454364524,1
2296626821120,1
0205022314524,1
0195424783324,1
3196615774,1
1191811572231,1
0331244731129,1
0438120912425,1
1810311201795,1
4940030231157,1
3132228172598,1
1959132396169,1
0676117312718,1
0212118215066,1
0150215073104,1
0700252374524,1
0622428573695,1
1611731344304,1
4940026705999,1
0198320503980,1
0292049055705,1
0398064823695,1
1129272243510,1
2075282514761,1
1920727184790,1
1191820782414,1
1899165104869,1
2639030701270,1
1191812382920,1
1912218213720,1
0017315999,1
0148561821983,1
2481272244309,1
0247829993682,1
0351021215705,1
1191836825237,1
1473825484790,1
1433203712816,1
2722414152598,1
3260030233324,1
2037110654,1
2069011294524,1
0148543812857,1
0293163701314,1
2075263905705,1
0271367612816,1
2368429992548,1
0147484861954,1
0442714151731,1
2359413144,1
0672235101120,1
1495360685705,1
3270187212996,1
2639025984309,1
0106527761485,1
0131417303980,1
0232713393134,1
2713100861983,1
3134258003388,1
0142914953695,1
0448539803104,1
0291933493901,1
0389636822857,1
2639014952682,1
1954176454790,1
0254814305705,1
2598100864869,1
0299904521,1
1323924812548,1
3312165101120,1
0303270,1
4940018215774,1
3365819543980,1
0259863702414,1
3559281183365,1
1635250664869,1
0533344735237,1
0143313323134,1
0048690252998,1
0544918991795,1
1235252375705,1
1966115072078,1
2548100703720,1
0856703559,1
0098319404869,1
1433161174790,1
3963019831120,1
2998124383365,1
0124529204309,1
0490514332231,1
1912224812327,1
2075146693695,1
0198361824521,1
0442719595705,1
4761306994524,1
2722429191120,1
0516319592414,1
1912229992713,1
0148524782670,1
0902519834761,1
0817843045999,1
2718147483553,1
3260035595332,1
0390143714869,1
1314163522791,1
0299851032919,1
2825113141507,1
0622435594869,1
0133924812670,1
0141589674869,1
1828462832682,1
0131451635332,1
0485629983980,1
1025643095999,1
1561112703682,1
1819511204309,1
3775829992231,1
1870810653134,1
0012359404790,1
0195416285332,1
3388336586659,1
0205050664761,1
2368443104869,1
1238100701120,1
2682326002780,1
1292130231314,1
0779427131558,1
0182114105999,1
2069066596469,1
0106552541795,1
2919229663510,1
0622418213695,1
0182127752231,1
1157102564051,1
0212129981314,1
0676119835066,1
0123838964309,1
0094042055332,1
2183245245999,1
0189981783134,1
1920718215333,1
1008635594521,1
1651017316169,1
2481196614051,1
0938829204521,1
0331277942154,1
0291967612920,1
0442712384790,1
3312377584051,1
2231315054310,1
2548106813682,1
2598242882791,1
3132206903104,1
5066341414521,1
1959341413980,1
0173112352920,1
2722452376469,1
1238156114521,1
1157315051983,1
0150749052718,1
0143362243901,1
2780360683980,1
1433309683553,1
2811811292816,1
0718418214869,1
1870823273553,1
1872123273324,1
0278052544309,1
0892243695,1
3023124382998,1
0910228164524,1
0910224143388,1
0327049052154,1
2825118215705,1
1731315055332,1
0209163705237,1
0910213141828,1
0085264862091,1
2359411295332,1
0676112383104,1
2999272242931,1
3963029311899,1
1577511293104,1
1983181952996,1
1433147484304,1
2037113145705,1
1314454363682,1
0048612451899,1
0207544734790,1
0182171181795,1
0302344851954,1
0150743712091,1
0983114332920,1
0335727183324,1
1810311573901,1
0280012702414,1
0280020752780,1
2825118286659,1
1577525482996,1
4310246711899,1
1104730231558,1
0299989673901,1
0149551032231,1
2075135804309,1
1008612702231,1
0192329205332,1
1764529192414,1
1912219593270,1
2037143094790,1
0377942414,1
0381782548,1
1292133121065,1
0648233123510,1
0368251031795,1
2281725484051,1
2231124382791,1
0334912386659,1
2791129214761,1
4521360685774,1
4940019541959,1
0123824782425,1
1179639806659,1
2811839013134,1
2931192072548,1
0207513324310,1
1008610652075,1
0247814951959,1
0149598312598,1
2368423272598,1
2183232702791,1
4310494001795,1
2078326004349,1
0033494864349,1
1507309682425,1
0665962245705,1
0212139805705,1
0133211572091,1
0133918212791,1
0431020503104,1
1983187082425,1
0648235535999,1
0280033886469,1
0302336622078,1
4310306994521,1
0307028002920,1
3150531899,1
1870810653,1
2919108043134,1
1270102565066,1
1795341416169,1
0438114153720,1
1819531120,1
0368216283720,1
2359419834349,1
4309462833980,1
0293148562075,1
0983135596659,1
0299813393695,1
0136815583365,1
1485258001507,1
0048613683324,1
0331238965237,1
1270157753324,1
3365815073324,1
0315059405066,1
0044279402598,1
0173035066,1
3365196613695,1
2919110471959,1
1250629313559,1
0852611203104,1
0299914301157,1
4543624813720,1
0405138965774,1
2368433884524,1
0533351032791,1
0176452713940,1
0124526703695,1
2037119545333,1
0817814151954,1
2467127915705,1
0355951634304,1
2713163523365,1
2811831041795,1
0895631325774,1
0676124142791,1
2722429993553,1
1920727183388,1
3150528571795,1
0299817301129,1
0364514853134,1
0896743494521,1
2183218282996,1
0195971185333,1
0438145245774,1
2639027131959,1
0302338966469,1
2780360683388,1
1983242885333,1
0271352965237,1
0248167612425,1
0209164823720,1
1314309683132,1
0292027754304,1
3260011292075,1
1561127802816,1
1920728573270,1
0115714302598,1
0277522315332,1
2078106815705,1
0150235104790,1
2231309682414,1
0525418216659,1
0355914302780,1
0529618214309,1
0525425986659,1
0279129283324,1
0094044732920,1
2718336581120,1
0148529282091,1
0852633885999,1
0983110654309,1
1920730235333,1
0299848452598,1
3980161174524,1
0143381783365,1
2857454362996,1
2075258003104,1
0362614155332,1
3901203716659,1
1104720915705,1
0247829984761,1
2722424143134,1
0490519592327,1
0405119232791,1
5237244623388,1
1828192073134,1
0516317313980,1
3365203713104,1
2075165102816,1
0335715582857,1
2811853331795,1
0529633123270,1
0711820786659,1
0648231343695,1
1007020784521,1
0155816282414,1
1821110474761,1
0254871844761,1
0207817301270,1
1810322314521,1
1959462834,1
0405193883134,1
2078454362091,1
0486244622425,1
1395611574521,1
0029318922940,1
0278013685999,1
3096815071495,1
0182844854349,1
1577533123104,1
0711818283682,1
0036262999940,1
2183211575332,1
1065181033720,1
4051106815705,1
0173011574524,1
0637050661795,1
1025643102425,1
0983127805705,1
2281714335774,1
1314218321795,1
0938825483270,1
0142943096469,1
2296629313365,1
0205029965705,1
2920336582791,1
0143321213104,1
0150728002327,1
4051462832816,1
3559106813553,1
0112929281795,1
0355970024051,1
0067018212996,1
0271389564869,1
2598147385237,1
1157235942718,1
2446224813980,1
0430943811899,1
0510335531795,1
1872129982996,1
0173053336659,1
2999147481270,1
0431080554524,1
0448529192718,1
2999454364790,1
2428828164869,1
0150751033553,1
2467145242869,1
4218322425,1
2931360686659,1
1235221544790,1
2231126603324,1
0014334309,1
0533344275332,1
2722425983270,1
0143364821495,1
0437112384869,1
0299924784310,1
1243843102869,1
0405127763695,1
0285764823134,1
0127012453104,1
0369561825705,1
0622443494761,1
0405113325066,1
0390142053324,1
2281726704309,1
1561114152548,1
0637040513104,1
0198327762670,1
0271833495333,1
0094044852791,1
2359414334,1
0123530236659,1
0817831323510,1
0141011573980,1
0291928001954,1
2718156114349,1
3414123274349,1
0307044851795,1
4940024812231,1
0195462243134,1
1473811574,1
3553111133365,1
0195427763559,1
2999244622078,1
3512127131821,1
0182880555237,1
3963010654051,1
2931100702718,1
2037110652414,1
1008628576659,1
1025633246659,1
3512117315237,1
0367916659,1
6469163525774,1
0331285263324,1
1008614331821,1
0389620755332,1
0173013141954,1
1635221544524,1
0012354865066,1
0718424814524,1
3070135804304,1
0622424816469,1
1561140514869,1
1920730231507,1
0525424813104,1
3096829312154,1
0271324783134,1
1243834524,1
1912233123682,1
0302324781983,1
2414396302425,1
0115743811485,1
2296629195237,1
1292140515999,1
0431014104051,1
0430944856659,1
0351043812425,1
2281727133901,1
0351020501795,1
2919110471433,1
0434951632425,1
1912236956469,1
0479054494521,1
0852620753510,1
0355952543510,1
0337639403388,1
3132196614869,1
1561139803365,1
3023135802682,1
2183230701433,1
4349228172791,1
0486351212078,1
1025152857,1
0490511573720,1
0364536951795,1
0271316282791,1
1828494002670,1
3070135802075,1
1561123275333,1
0182824782414,1
0112929281731,1
0389639011120,1
2718129212920,1
1558462832791,1
0533389672414,1
1179626705774,1
1008620912414,1
1314263902091,1
0124525983324,1
0267024783104,1
0486281183270,1
0106812919940,1
3553176453104,1
3376328571120,1
1466943105333,1
2327132393980,1
0448529995774,1
2359430701415,1
2359417312075,1
2075341413134,1
1854362327,1
0711830234309,1
0173036956659,1
0232754495332,1
2580029994309,1
0805514952670,1
2580014335237,1
3260011295237,1
1912223276469,1
0302338963720,1
0431013323388,1
0148591021129,1
2857110473104,1
1358014853388,1
0054494865333,1
0127062241821,1
0232736451120,1
2548110475999,1
0173013143270,1
2425126602869,1
0281670025774,1
0434927755774,1
2446229192791,1
0162826702780,1
1179619543270,1
3775812382857,1
2919161173720,1
0123836621899,1
1966112383980,1
2037112385333,1
0533316285705,1
0448520751899,1
0896731322154,1
1872114954,1
0485610652154,1
3132181952791,1
0940108041433,1
1314315052231,1
2078462832816,1
0247820783695,1
4119181795,1
0291917301415,1
0271843815066,1
5237228174790,1
4628314954524,1
2069031344761,1
0779429192857,1
0254844732780,1
0895626702414,1
0277523272780,1
0142936824869,1
0112990256469,1
2296630232075,1
2481218323695,1
1080427131270,1
0718314869,1
0983114851270,1
0189920502154,1
4790258002425,1
1899337635705,1
3510126604524,1
1104729312327,1
2713181035999,1
2996100704524,1
0648230703104,1
2281733122548,1
1068136822414,1
2919377584,1
0420511572670,1
1323942920,1
0485647614304,1
0434949054524,1
0133239012791,1
0143398315999,1
2996157753324,1
1635214854310,1
0150243095705,1
2091454362780,1
2467129982670,1
0390113322996,1
2722450662791,1
2481341412091,1
0648243270,1
0048620502713,1
3365811573695,1
2713263905333,1
3070494002670,1
0940106812548,1
1270236845774,1
0438120754349,1
0336548452791,1
3963029984310,1
2037130231129,1
3070242882598,1
1954119182996,1
0141536263365,1
4272243510,1
0516327133324,1
0486989563324,1
0896719835705,1
0718429993510,1
3070147482816,1
1415258004310,1
0232744274761,1
0389614152816,1
0039016701795,1
2811832701899,1
2931126603324,1
2713242884309,1
0131448454524,1
0895632705066,1
1872132702414,1
0207814103510,1
2722424812075,1
0094029282425,1
2296643092414,1
0207502718,1
2075196612414,1
0102564865999,1
0302338961899,1
2481454361795,1
0148536262481,1
0299938961899,1
2075315054304,1
2931106814869,1
0248102780,1
2359414856659,1
0254889672231,1
0150748562414,1
0307067613388,1
0150214852920,1
1266018283695,1
2580020911120,1
2091161176659,1
0442720782869,1
0331262245333,1
0271389564521,1
0141519232481,1
0779450662425,1
0293190253553,1
0452961899,1
1415102561433,1
2722439016469,1
3070146692791,1
0182114304524,1
3096818285332,1
0173127754869,1
2920111133270,1
0529611293559,1
0125064862548,1
1080419833134,1
0048662243695,1
0544927133388,1
0280011205774,1
0805529315237,1
0447312383132,1
1485282511495,1
5066196615999,1
1912243095332,1
3132181952920,1
0334933123695,1
0149581782327,1
2296620783104,1
2857377585333,1
0805518283510,1
0940218325774,1
2598123521120,1
2368422312154,1
0938813141120,1
0133927911795,1
0452412452425,1
0150793884790,1
1558146693559,1
1191829994304,1
0447315073510,1
1065246713510,1
0307043712919,1
0094043714524,1
0165109401731,1
0302327761485,1
1912213142481,1
0141512355999,1
3682341412920,1
0198362243365,1
0173043043324,1
0182848565066,1
3512125484349,1
4869326006469,1
1959494005066,1
3775814952920,1
0490513143324,1
0484518282231,1
0247811292718,1
1912211203980,1
1120176452414,1
0123543094051,1
0618211293388,1
1828454361983,1
0902520752682,1
0162853334869,1
0892224255999,1
0485627181795,1
3963014153553,1
0486218325774,1
0448535705,1
0123539805999,1
3512135106659,1
1635232231,1
0143039015705,1
2791236843134,1
0700248695332,1
0351048453134,1
3720494005999,1
0259880555705,1
3775829205237,1
0195913394349,1
0390127764310,1
1954132391120,1
1828165104521,1
0334917955705,1
1415191222327,1
2857106814790,1
0484525482920,1
1966136823365,1
0523789222425,1
2281733882154,1
0331213394521,1
0479029285999,1
0529613141238,1
1104719593695,1
0447318284051,1
1810329195999,1
0271371183,1
2920229663134,1
0910220782682,1
0136814851238,1
2919181033559,1
0490519832548,1
2183236824310,1
0271828003720,1
1358033121828,1
0195998312920,1
0209152543104,1
0100864862919,1
0195415025999,1
0182113683104,1
0148521213720,1
0362623275705,1
0355944852791,1
0938811204051,1
0437110655237,1
0150771844524,1
1266029991495,1
1764553334790,1
0338852964761,1
1266012702548,1
0141012384524,1
0146694864051,1
0293142051495,1
0254812356169,1
0910215583104,1
0142936954521,1
0293136261485,1
2296152791,1
0368289673134,1
0910233241795,1
5333236844761,1
2467124144304,1
2718258002791,1
0155861823388,1
4187084524,1
0299998311507,1
2446229313132,1
0430963703324,1
0212128574309,1
2091272243134,1
1920726704310,1
0544914155705,1
0112016283388,1
0259814302816,1
3376328572425,1
0123529191558,1
0277543043720,1
0302314293695,1
0019542718,1
1065102561314,1
0268227764349,1
0443713553,1
0223133494304,1
1068133126469,1
1495326003270,1
0094027754309,1
2037130705774,1
3023326003132,1
0207589672091,1
3260027804521,1
3388147382425,1
0124530231959,1
0048624783132,1
0155877941507,1
1485218324790,1
2931129214051,1
0268271842996,1
1651031322231,1
2713157753720,1
1966128572920,1
0434981781795,1
2231106815333,1
0124552372996,1
2598106813980,1
0525415073901,1
1104711292548,1
1157196222816,1
1007020913980,1
1611743720,1
0162831324761,1
0292829193980,1
1250612701899,1
3963019836169,1
0516317312780,1
0149591021795,1
0291912354310,1
4349100865333,1
0700227805066,1
4628333885705,1
0895615075705,1
0902514955333,1
0299928001558,1
3376335592598,1
4349147383553,1
4543619594309,1
0247814952718,1
1959192074521,1
3312187211495,1
1558147383134,1
0485632705333,1
3901218323365,1
2091281182996,1
1870819592682,1
0391023134,1
0277527132154,1
0123843711731,1
1651050663104,1
0902524813682,1
0485628163980,1
4940031322670,1
0447320912857,1
0364511573510,1
0437153333720,1
0292818284790,1
1080443492816,1
1157117963132,1
0212122313510,1
1731246714761,1
3682192073104,1
3901263903559,1
2682157754790,1
0983111571731,1
0983110654869,1
1179615583270,1
2999187082998,1
1314306994051,1
0267071843324,1
0123813323720,1
1819512703,1
0485643103134,1
0486157752791,1
0355344736659,1
0983117955774,1
2722429312414,1
1243843044521,1
0331264821795,1
1068129962154,1
2327281185774,1
0014151959,1
2327157755066,1
0648224813559,1
1983100703132,1
0271348561238,1
1080436955332,1
2811820785999,1
2919228172075,1
0485613144349,1
1485341415999,1
2780306992425,1
0420530233312,1
0195417302425,1
2811822314051,1
0271852965237,1
0896727132670,1
1415242884790,1
3312106815774,1
0148533571731,1
4349235942996,1
0516328162414,1
0327052964304,1
0112920502598,1
4628318212780,1
0779427132231,1
1810329192327,1
0247811204761,1
3682263904309,1
1485100863682,1
2296620755333,1
3980236844521,1
2281712701795,1
1415117962078,1
0317302670,1
1473814332327,1
0136823273510,1
6709405333,1
0094014292670,1
3270157754869,1
0277524812078,1
1157341413365,1
0485633123553,1
0389611293682,1
3070161175237,1
2811820913270,1
0141563704309,1
1731462833510,1
0280048692425,1
0123518283720,1
2428829312481,1
0486106811314,1
1966145243324,1
0176454864,1
2682263904869,1
3070108042931,1
0648240513270,1
0191224863023,1
0299867611731,1
0447313143104,1
0280012384349,1
0334929966469,1
0448530704051,1
0817819834304,1
0447314853270,1
0136829992670,1
1111317312816,1
2281733654869,1
1872153334521,1
3963015582548,1
0910259995332,1
0142930702481,1
0892218285774,1
0024816703324,1
1323939012598,1
1433125065066,1
1080429992857,1
1495187213388,1
1191827912154,1
1611714333510,1
3070229663,1
0136831322718,1
2670156113134,1
2359425483695,1
0700227133104,1
0431049053980,1
1959106812857,1
0902527132327,1
0442729311120,1
0150229963134,1
0299671183388,1
2231494003270,1
3901206903980,1
0299917301954,1
4524181031795,1
1966126704521,1
0182114294521,1
0112912452996,1
0637026822414,1
2722418284309,1
4869258004790,1
0136833121415,1
0067015586469,1
1821161173980,1
3510337632780,1
3376319591270,1
2780235943324,1
0292824813270,1
1870829962425,1
3682176453559,1
1962218283270,1
2296639805774,1
1558156115333,1
2825126823553,1
4310218325066,1
0198319231821,1
3365811295999,1
1111335103324,1
0431015024790,1
1433396302091,1
0209127762869,1
0141589673980,1
2425100861795,1
0506643813134,1
2999156112816,1
0940156111899,1
0431027762414,1
0544915072154,1
0048612353,1
1507139561959,1
0334911203324,1
2811829191828,1
0141519231507,1
4123522816,1
2598147482996,1
0136834869,1
2931146695333,1
0299824786659,1
0142933653388,1
0291913392670,1
3070272243270,1
1314309683720,1
0940135801983,1
0525429982075,1
0195489671983,1
4543611574790,1
1292119833720,1
1473843493104,1
0232771843270,1
0181954864304,1
1872127132996,1
0112933494521,1
0141026702231,1
1292139013510,1
3775815583682,1
2722433122091,1
1959156114761,1
0510333122682,1
3070236844869,1
1495176454761,1
2428826703682,1
0292810654790,1
1292148691795,1
2791341413720,1
2722414851120,1
4309454363720,1
1395652373720,1
0280025484521,1
0355924783980,1
3023100702670,1
0136831324310,1
3070156111495,1
0390152962816,1
0516325484524,1
1323926705066,1
0150211572857,1
0278019232996,1
1959462833682,1
0195963702548,1
2467112381821,1
2598229665066,1
2999146694869,1
0362614855333,1
0420523273682,1
2548454363365,1
0331213682780,1
0094064822078,1
0205018283324,1
1764533654524,1
1243829195705,1
0259867612857,1
4051244623720,1
0447329992718,1
3326006169,1
0892214333270,1
0212114855774,1
1577520784790,1
0292839805066,1
0299828003270,1
0779429203104,1
0280018213388,1
1292125984349,1
0067043092816,1
0718429991828,1
1474811572869,1
2091377584304,1
2998102562154,1
0291938961495,1
2713218322920,1
0173190252682,1
2327228174051,1
3070161173553,1
0207536452791,1
0143021543720,1
0622419831270,1
0112948452327,1
1474824812718,1
0271885261899,1
0014294864869,1
0437126702791,1
2037125485333,1
0271849053682,1
0902510651433,1
0094048451120,1
1238106812078,1
1104739805332,1
0195952542091,1
0637031044869,1
0150798315333,1
0162812385066,1
2037120783901,1
3553129214790,1
2368425482670,1
0143327754051,1
1561127131415,1
0291942052078,1
3512117313,1
1507129211828,1
0637033125332,1
3132206904051,1
0112024784521,1
0302338963682,1
0280048694521,1
0529615585774,1
0487481415,1
0292033491795,1
3682282514521,1
1395633122920,1
0280011294,1
3146693720,1
0940196611795,1
0293117301238,1
0299989671821,1
0127048453695,1
0195477943132,1
0143329282791,1
0013689401828,1
1129129211821,1
0390189675332,1
3150553333104,1
1191827182816,1
0327089672425,1
0892235535332,1
3365828574310,1
0042059403682,1
1485341414761,1
1025627914790,1
0135804863901,1
2919272243,1
3132181953270,1
0094077943980,1
0940218322857,1
0523744272154,1
1577518282780,1
0241444853695,1
0136827131954,1
1292143043695,1
0299843711558,1
2811829992920,1
1314454363365,1
1235219593134,1
0272244862780,1
4524123523695,1
3070111133901,1
0141012382548,1
0299643714761,1
0081784862154,1
2037131044524,1
0437117315705,1
0335736826469,1
0127054494869,1
0133214851954,1
0048664822816,1
3096817311795,1
0334923274521,1
2998187081238,1
0195498314521,1
0124529312857,1
0205014336659,1
3096823272670,1
0779453333324,1
1819517315066,1
0015076702670,1
0852633122327,1
0148567221828,1
1008624141795,1
2183214852791,1
0143317303720,1
0209102718,1
1983242883695,1
2327315054869,1
4940020782425,1
1466936825332,1
0136820781959,1
2327135803559,1
0434913324309,1
3510351214309,1
0094080553695,1
4940014852718,1
2857125064761,1
1065309685332,1
0150763701983,1
0940351213132,1
1433203711983,1
2231341413695,1
0313248451795,1
0094051632231,1
2069047613324,1
1651012703134,1
1235212383270,1
0355344275237,1
3023165102780,1
2078117962548,1
0254851633510,1
4309108045774,1
2722422316169,1
0195414105066,1
3312181035705,1
1473827134790,1
1466910653324,1
0247814333324,1
0486309682075,1
0136814855332,1
1025631344869,1
1920736825774,1
3104360683720,1
0299628004304,1
1731341414051,1
0173193883695,1
0207549053132,1
0293127753134,1
2154377584761,1
3069910655333,1
1485494003559,1
0291963702996,1
0442725983695,1
2999396303132,1
1068127132780,1
0368277943388,1
1466927183980,1
0123813324310,1
0192311574304,1
0133233324,1
1474815583720,1
0267012352816,1
1323912705237,1
1179631795,1
4349181954869,1
0637030703682,1
3365836822598,1
0983126823682,1
0267043713720,1
0280030232791,1
0334926821821,1
0189914105066,1
2999181033980,1
0390177942425,1
3096835104349,1
0940100865705,1
1611724813553,1
1485146693365,1
0141029191270,1
0910227133132,1
0648229983324,1
0389564761,1
1920729313510,1
1821146692857,1
3365839804869,1
1179622312425,1
2670336586659,1
1433125065333,1
0033124524,1
2327102564309,1
0277548694761,1
3510218324521,1
1821181952920,1
1954315053365,1
2931100861795,1
0484529982816,1
1495263903,1
2998123524304,1
1954351212791,1
0485624813134,1
0940135801129,1
2682100863324,1
2281710652327,1
2428819543682,1
1731106814521,1
0277512384761,1
0143343711238,1
0313227762869,1
0195920504869,1
0544917313901,1
2931110474521,1
0017309403559,1
1954125064349,1
2414111135999,1
0048681781983,1
0106591023695,1
1795187085332,1
0131462245999,1
3376323271795,1
0779442154,1
3070106811314,1
3023244621731,1
0207862241120,1
0516343103553,1
2780192076659,1
2231228175999,1
1828126601120,1
3606835533388,1
1611733682,1
0711829994051,1
0420530233510,1
0212119546469,1
0281671843270,1
0127028003980,1
0141577942154,1
3775857055332,1
0280028165705,1
0398006469,1
0136813143553,1
0278028004790,1
0648211573559,1
2446233652425,1
0510335595705,1
3963030234349,1
3963030703132,1
3312203713720,1
0299814293134,1
0248116285999,1
0106819401558,1
1821123521899,1
3512127803134,1
0434938965066,1
1474835592996,1
0150243559,1
3365829311270,1
0162833122075,1
0019546705237,1
0136826826169,1
0362611293980,1
2713181953559,1
0279142054524,1
0485629991485,1
0248149053388,1
0205033122598,1
3096829311828,1
3023229663270,1
0143315023980,1
0071849401959,1
2037120783388,1
0852617311270,1
0486236846659,1
1870829203980,1
1983123522780,1
0133930705066,1
0299991021314,1
1466911572078,1
3132146695333,1
3512166594521,1
0205011205999,1
3512143105774,1
0212111571899,1
0094036454310,1
0485610655999,1
1104711291828,1
2183214952996,1
1065454361959,1
0676111291954,1
0700229981157,1
0711820782791,1
1323911204310,1
0205011292780,1
0676118213682,1
0637018995237,1
0529613141495,1
0277519591120,1
0024789402718,1
0438111572425,1
1104728161795,1
0209144733388,1
3414110653270,1
2296620751983,1
0852629314790,1
1474852372791,1
3365360686659,1
0485653335066,1
0150748564309,1
0438135105066,1
1065126602548,1
0437143496659,1
0700240516659,1
0334918214304,1
1577547905332,1
1270100864521,1
0902511291899,1
0490525483980,1
2998203712091,1
1358015584310,1
0143020752598,1
2919351211731,1
0195927753324,1
0292850662414,1
0146694861129,1
2999181955333,1
0232713683,1
2368435595066,1
0143011206659,1
1179629311983,1
0123816283,1
3980337633134,1
0112913394304,1
4309326004304,1
1466929965774,1
1507156111238,1
0447326704051,1
4310163523270,1
0299828003104,1
0212130703510,1
0195943715332,1
3462832425,1
0299864821821,1
0277619592780,1
0271852544304,1
0182149053134,1
1473814333388,1
0622427803720,1
0672229985066,1
0067029203553,1
0299821212425,1
2920258004349,1
0338965999,1
0018213559,1
3260027134304,1
2281752373324,1
0299938963134,1
0902510651120,1
0277620911821,1
4940019592231,1
2825129311415,1
0123540513324,1
0195936453,1
0148528004051,1
1870836822154,1
0895666595999,1
4790218326659,1
4051396302425,1
0892212381495,1
0271893885774,1
1007027182154,1
2998272241983,1
0307044732998,1
0779411573104,1
3312272245999,1
1954165102670,1
2682108043695,1
2920192074761,1
0476121215774,1
0430916284869,1
0327051635237,1
4051111134761,1
2414246714790,1
0299844275774,1
0355312354761,1
0112967615774,1
0123529991129,1
2722430701485,1
1764527186659,1
1395643492154,1
1819529314524,1
0247827132919,1
3388263903324,1
0282514861821,1
0895633123388,1
2811819833324,1
4310181952791,1
0131443712670,1
0259851633510,1
0362622313104,1
2368410654349,1
3023146691415,1
1872131042154,1
3312235942931,1
2780246713695,1
1507246712075,1
0302354495332,1
2639018284869,1
0351098314304,1
2359418994521,1
2825133121821,1
0142940516469,1
0718433652154,1
1111313144790,1
0335720915333,1
2998203714,1
0902529313695,1
3963017311959,1
1495135801983,1
2231246713134,1
0279127763104,1
0516327132857,1
0292812382327,1
0940157753553,1
0648229993104,1
4543639012920,1
0448533123365,1
1007027184521,1
0422427804349,1
0334950662996,1
0195951632718,1
1025620915774,1
0198317306659,1
0207544734,1
0334911291270,1
1821102563270,1
0648235594310,1
0314102718,1
0150713322682,1
0209154492682,1
1358010651828,1
1250629992414,1
0525424146659,1
2722450663695,1
0106589224304,1
3963025483134,1
0335729194869,1
1243823274304,1
3682181032816,1
0162815073682,1
0700219832682,1
0131822682,1
0048651031238,1
0486135804761,1
0361546659,1
0299844854309,1
0124511291495,1
0490511295705,1
0123518213365,1
0141028572816,1
0334912704304,1
0892215583980,1
3682119184304,1
1007050662869,1
0805531043695,1
0091029403134,1
3559132395333,1
1558187212598,1
3980132394761,1
1129306993,1
0779444790,1
0335720912920,1
0434993885999,1
1899242885333,1
1821326006169,1
0215427763695,1
0390252816,1
0268238962920,1
0529630234869,1
1912232706659,1
3023187213980,1
0437112703510,1
1920728572154,1
0299689674869,1
0292818992996,1
4360683324,1
0364519592598,1
0484529981959,1
0133919544051,1
0267071843270,1
1651027183510,1
2999187082154,1
0368267224761,1
1235219591899,1
3376324814349,1
1731139564309,1
1415181951828,1
0142914151983,1
3365852373104,1
0123852963901,1
1433147381270,1
3606819594790,1
2446233243695,1
1577527803553,1
3312191222481,1
3553123522154,1
0112948562857,1
1651025482425,1
3512135532414,1
0123848563324,1
1966119545774,1
3682206903695,1
0293112453270,1
2368415073,1
0205018994304,1
1966126704790,1
0405170025237,1
0438120914524,1
0173037206169,1
3606812703553,1
0362614151495,1
1495102562425,1
6659315055774,1
2428834051,1
0281643814521,1
0162814333132,1
1872110651415,1
0124536822231,1
3023337632713,1
2580015584304,1
0207843712327,1
4628329205774,1
1270228173365,1
3365108045066,1
1966127132075,1
0529629311959,1
0155891024524,1
0223128005774,1
0148548563,1
1080419593510,1
0207598314521,1
1415119183104,1
0112017304869,1
0331201983,1
0940306992816,1
0648214852548,1
1157135801238,1
0112064825332,1
0486462833312,1
0207851633553,1
0362618283388,1
1007013142780,1
3512124255774,1
0327098314521,1
0940108042075,1
2078135804869,1
2718165104869,1
2467114852780,1
0198391023104,1
0123529314,1
2825112385999,1
3559161172869,1
1872130704310,1
0902529312670,1
3388396303695,1
0155862242075,1
0067014853324,1
0299827762931,1
0420547616169,1
0209181783682,1
1558124381129,1
0173026822154,1
0195491023720,1
3069919832791,1
0139564863388,1
0622410653682,1
1495157754309,1
2359429202425,1
0892233122919,1
0313277944790,1
1243829981415,1
3104309685705,1
4628313141558,1
1495129212078,1
0012386703134,1
2428829192548,1
2816191223388,1
2231163525705,1
0271352541433,1
0215414301795,1
0364515074349,1
2857315053388,1
0277622315066,1
0021214862920,1
0162815584349,1
3132187214349,1
1966111575237,1
2467114151821,1
1358033245774,1
2428818281821,1
0489675705,1
2825127802791,1
0510311292682,1
1819511294869,1
0150716281129,1
0212122314309,1
0150714304869,1
0910214851433,1
0143327754869,1
0212129995332,1
0291914294349,1
0009402682,1
3104165104521,1
1870814154304,1
0268242053510,1
1104720753388,1
2296610651270,1
1433110471959,1
2327351212718,1
0141528003,1
4722117965705,1
1292119834790,1
2075246713559,1
0291993886659,1
0112021213553,1
0048693881433,1
1959196614310,1
2467140515332,1
0525445245332,1
0486110476169,1
0241470022154,1
3070108041558,1
0711830235237,1
3023156113553,1
3559126603388,1
1611713144310,1
3376325985999,1
1828337632078,1
1358029982414,1
0038969406469,1
3720454361795,1
1485139561821,1
1731336581120,1
0195916285237,1
2183229314761,1
0940110471238,1
0035106703388,1
1731191223682,1
0207590252857,1
0700235104761,1
0027764863070,1
0149577941821,1
2791123523695,1
3510176453270,1
3963030706469,1
0313281783134,1
1025629311433,1
2580039015774,1
2580040514790,1
2816192075333,1
2999111133695,1
0143027132414,1
0149536452857,1
2281733654790,1
0187084861795,1
0364512381795,1
3134187212425,1
1157454362682,1
0486272242231,1
0902529984524,1
0182871183,1
0364533121731,1
2670235943901,1
2857336582791,1
0106514102481,1
0637035591899,1
0112921214761,1
3365826825237,1
0302367612920,1
0182836262920,1
0141030235774,1
2327110472791,1
0124512383682,1
0484514153559,1
2598337631795,1
0307077941828,1
0442743494304,1
3070272241954,1
0334925982425,1
0133913145774,1
1080426704524,1
3023309684304,1
0718427804761,1
4181032091,1
0195442052078,1
1577529314349,1
0242515023324,1
0198319232091,1
0268243715705,1
3720163525332,1
0852629965332,1
1899196226659,1
0143371841129,1
0420528161899,1
2091161175999,1
2811846659,1
3512148696659,1
0360684863559,1
2816108042996,1
1731191222154,1
0485629191065,1
0355921215774,1
1473829313901,1
0280027134310,1
2931111131558,1
2368428575774,1
0141512351795,1
0711810652920,1
0271338963270,1
1080420912791,1
0271828002996,1
0525424814,1
0299942243388,1
0232791021821,1
0307081784524,1
4125064521,1
0389629315774,1
0313251034304,1
0141515024349,1
0529635103553,1
1920712704761,1
0207513685774,1
1104730232425,1
4524126603720,1
0127024785705,1
0711829993023,1
0362633122414,1
1358029314309,1
0259871843104,1
1954337634304,1
0437128573553,1
0277539804304,1
0892214956659,1
0106544735774,1
3682309685333,1
4161172231,1
2999163523070,1
3260029995237,1
1433396301954,1
1111328164304,1
2548242884309,1
0149543712075,1
3695187083720,1
0143039013104,1
0983119593901,1
1764539014790,1
0124524813510,1
0127038966659,1
3365825983388,1
3150528576469,1
2580029983510,1
0051034862682,1
1870817314790,1
0779427132078,1
0278027761899,1
1870815581731,1
2327139564790,1
3414130701120,1
0398043712154,1
2722430703559,1
0852620752425,1
0896727804524,1
0437115075332,1
1080420751270,1
2078281183324,1
0014156701558,1
0368263703510,1
1292130232996,1
0892212381959,1
0067019832414,1
0442711205705,1
0033126704790,1
0510340513365,1
3096824144869,1
1395620782996,1
2481196614869,1
1007035105237,1
0302313394310,1
2078229665774,1
0205050664304,1
0335748695705,1
0307067613365,1
2481281182682,1
0143352542078,1
2825111295066,1
0313243715237,1
0938829982231,1
0637029993720,1
0247820783270,1
3096859994521,1
0983133655774,1
0124529983,1
0247829313388,1
0033499404521,1
0150720503365,1
3775829993324,1
4349326003980,1
2931135805066,1
2722423275237,1
2682337633,1
0486100861270,1
2078360685066,1
2791129215999,1
2580011571495,1
2231119181120,1
0805520785332,1
0718443106659,1
0106543713559,1
1651020913,1
0115789562154,1
2919161172154,1
2580039012857,1
0150763702920,1
0173113684310,1
0030232928940,1
1235234310,1
3312161172670,1
2580026822598,1
2467143105237,1
3312165102998,1
0817820914310,1
0334914852816,1
0711850665774,1
0299843813553,1
0143014334521,1
2998161172857,1
0442712385774,1
0271864823365,1
3132454362780,1
0150713392481,1
1415281183132,1
0133945237,1
1243829194790,1
2037130232231,1
0254828003104,1
1120203712154,1
1507111135774,1
3512113141129,1
1395627133553,1
0124512382996,1
2069014853695,1
0241489225332,1
0207513393324,1
0150738963132,1
0335711293901,1
3720281186659,1
2919157751157,1
3559181952816,1
0150230234761,1
2722430701959,1
2548494004869,1
1611726822831,1
0544915581828,1
1577524811954,1
0155821214869,1
1870829193104,1
0299912351983,1
1235220913901,1
2580019595774,1
1819543494310,1
2811832705705,1
1821218324051,1
0133243103720,1
0896715583324,1
3096814952780,1
2722411571415,1
0048613321731,1
2075218322154,1
0299989562598,1
2670236843388,1
0133219592791,1
0141029991415,1
0141563702091,1
1157377582920,1
1473835594524,1
0700227133312,1
1810332780,1
0271802425,1
1920712702996,1
0364529311507,1
3260023272857,1
0307012351983,1
2037110652718,1
0299893882718,1
1266028573324,1
1415176454051,1
0292827131157,1
1828147482791,1
0380554349,1
0127062243720,1
1008610651129,1
0277628166469,1
2281729193365,1
0983114153324,1
1080422313980,1
4543633695,1
2183214955066,1
2091181032598,1
0192313143901,1
0896717312327,1
0510344051,1
0817814152075,1
0207844853132,1
0355948451120,1
3070282511157,1
0368271186659,1
1111332704761,1
0485635102996,1
0389628574051,1
0048643815332,1
1395643494790,1
0254889672791,1
0299889674869,1
0048621213980,1
2999360681065,1
1292119543510,1
0212125984761,1
0622410651899,1
0232719232414,1
2920315051899,1
0902535593270,1
0779420782598,1
2920139565066,1
1635235534524,1
3775828165066,1
1080439013720,1
1920735533134,1
0191224862598,1
1314110472154,1
0896740514521,1
0254848561821,1
0430929283270,1
1238181032481,1
1474832920,1
4310108043695,1
0271877943134,1
0326004861558,1
3775814953510,1
0805559995774,1
0248127765237,1
0516336821899,1
1485306992682,1
0447314332718,1
0207812351795,1
0247829984790,1
2481132391731,1
3775820911795,1
1314191222816,1
4940014852598,1
1920764695705,1
0648222311795,1
2075242881120,1
2639012702425,1
1764533121507,1
0351071183980,1
0436453,1
0646964825332,1
0035536703720,1
0336512353720,1
1025632704524,1
0267090253365,1
0089674863720,1
3070306992154,1
0362635594761,1
0223114306659,1
0267048453510,1
0112019233695,1
2359425483388,1
4628311571828,1
0029992327,1
1962211292425,1
0490529985999,1
4309108043104,1
1485218322078,1
1959100863388,1
1810330232548,1
0123877945332,1
3260011571558,1
3376313144304,1
3070126601065,1
0094080551821,1
0106598313901,1
0106567613980,1
1828139561795,1
0486228172718,1
0486165102414,1
0302348454051,1
0173052372414,1
0094089673510,1
0267014303980,1
1966128166659,1
0334933125066,1
0940229666659,1
0490515583510,1
0112989672791,1
0195419233553,1
1179643682,1
1577512382682,1
0182112452816,1
0207833492670,1
0438127132548,1
0155867613132,1
3365309685332,1
2718206905705,1
2075129212920,1
0852631343104,1
0143314101899,1
3512119544309,1
0490514951270,1
0336551034521,1
0355989675237,1
1872123273695,1
0481785774,1
3132315053365,1
1651033122831,1
2713192072718,1
0248120502154,1
0983113144869,1
0148528002414,1
3132377583901,1
0111139404,1
3023396304,1
0711843105332,1
1561127914304,1
0852634790,1
1474844869,1
1920729981120,1
0310414304304,1
1415351213270,1
0133217313559,1
1828147483132,1
0334912385237,1
0437129194051,1
2920187212869,1
0123827762154,1
2920181036659,1
2296627134349,1
0143351631731,1
2428847614790,1
0131444272857,1
0910232154,1
0516315585999,1
3775815074051,1
0438112383388,1
0434944272414,1
0389624254304,1
1912229991731,1
0141527765066,1
0486351214310,1
1358050666659,1
3134242886659,1
2281726701795,1
2078206904,1
1507242883695,1
0637030233365,1
0983129981485,1
1068124812996,1
0484517311983,1
5237146694521,1
0254828006659,1
0447320754524,1
0983152373134,1
0259812454051,1
1966119543,1
0648231324,1
1474812704310,1
1266029312425,1
0523767616659,1
1080424143720,1
4869315054304,1
0484545246659,1
0112021212996,1
0148514293104,1
0143018992791,1
0106554495705,1
0028004861507,1
2998360681899,1
1959191226659,1
0094024783720,1
0293113681731,1
0938819593365,1
0438125485237,1
4628314154521,1
0094014102780,1
0420530231795,1
1577514952091,1
0335714152425,1
0094085261954,1
0313271841821,1
1912229996659,1
1415309682718,1
0938828574349,1
0390190254349,1
1314132395333,1
3376324253695,1
1008635592920,1
0338848565774,1
1495135804304,1
2183244309,1
0533220504521,1
0523748454869,1
1008631324309,1
1828125065333,1
1157263902996,1
2231203713720,1
3963025985774,1
2281724813,1
2920139564790,1
2857196614524,1
2639031322091,1
0431013682996,1
0048616281157,1
2428812705333,1
1870814152780,1
0195451032816,1
0094013681507,1
2825126822816,1
2920192074524,1
0805533881795,1
1474835102154,1
0983136823324,1
0336528005999,1
0106521211558,1
0149563702414,1
2091377584521,1
0438114955332,1
0351048454310,1
0389643105705,1
2682462835332,1
3553181033324,1
1235226704304,1
0676130234790,1
3512128574869,1
0247814953901,1
1235211295333,1
0291913393324,1
1899110474524,1
3023235942327,1
0148561825237,1
0150250662154,1
0207812353980,1
1651026822425,1
1561111573388,1
0291967613132,1
0207527762327,1
2428815073134,1
1731146692078,1
1025617313553,1
0207898312780,1
3775828575705,1
0299819232920,1
0182136452598,1
3270147384790,1
1507282514761,1
0291964822481,1
3553326005333,1
0896744310,1
1238341411983,1
1819511293720,1
0143029315999,1
3146693365,1
2580039802414,1
0248151632920,1
1433191222670,1
1120228171899,1
0141026822857,1
2682106813901,1
0718414952154,1
0209127762327,1
0940281183,1
4628330234524,1
0155836261238,1
0817833656469,1
3312263902857,1
4628312702816,1
0124530702414,1
1983119183,1
4310132395999,1
2713336583682,1
0983147904304,1
0486165101959,1
0437127131485,1
1008645999,1
2639031322548,1
3341413510,1
0676140511795,1
0205025985333,1
0291985262931,1
0711829982682,1
0700229204310,1
3023242882816,1
0150226823720,1
2682228174521,1
0277536824790,1
2825139801899,1
0362614953132,1
1764531046469,1
0124522312816,1
1819530701238,1
0389619593132,1
0896743388,1
0131462242920,1
1111340511899,1
2919106814524,1
2075147383,1
3606835533270,1
1651027131899,1
0182138964310,1
2811814333682,1
4940026705332,1
0192343493388,1
0299813393388,1
1270315054,1
2281720753365,1
0292824811821,1
0149515021899,1
3775813141983,1
0124514155774,1
0223119232920,1
0525433121314,1
1238282513695,1
0313285263695,1
0278044271120,1
3260043095333,1
0133926703553,1
0336548455237,1
0485642327,1
0389635532791,1
2446217313270,1
0277632705999,1
0351051633695,1
1157246713,1
1179635593134,1
0313252964524,1
0859314310,1
3069918992414,1
1795337634521,1
1819514953553,1
2075102563553,1
1819531323324,1
3104181955999,1
0278036454869,1
3070377582078,1
4051187214304,1
1068114332425,1
1795163525999,1
2791315056469,1
1764529981270,1
3901337635237,1
0148543711558,1
1415462832414,1
1065147483104,1
2091100703510,1
0355913683104,1
0195444852857,1
1250635102857,1
0271344731065,1
2467130231821,1
1270135802857,1
0486377582931,1
2037129994524,1
1157187211507,1
1651045244304,1
0189980555774,1
0902552375066,1
0313233495332,1
4543628574521,1
2919163523388,1
0622413141899,1
0313322791,1
0293133571954,1
2999341411795,1
1025621544521,1
0081784864521,1
1872115584051,1
0485629992481,1
2327336585999,1
4281183901,1
1983341413388,1
1104743046469,1
0291991024761,1
0476181785999,1
0248163705332,1
1068127185332,1
1577514954869,1
0364515582078,1
1507236842857,1
0292847616659,1
2446219544,1
0280020753980,1
1485161171959,1
3132100705999,1
0292044272154,1
0618233388,1
0327091021795,1
0372051034521,1
4628312382091,1
1764527802154,1
0271885265999,1
1008629191507,1
2327163522425,1
0486119182996,1
1025615582816,1
0489564761,1
0143042548,1
1025635592857,1
0817810653388,1
0205010656659,1
0700229312780,1
1635243103324,1
1507281182816,1
3312135804304,1
0127063701120,1
0938829961795,1
1415228173682,1
0910253336169,1
2078336582857,1
1266043093553,1
0637029991959,1
1983351214309,1
1983176451899,1
0334944349,1
0209189222154,1
0011206704304,1
0490512703388,1
1238191222791,1
0133212706469,1
1314111132996,1
2816396304761,1
1266013145066,1
3963015581954,1
0148515022154,1
1314110471959,1
0817826823134,1
0700244304,1
0292830703312,1
0292027765333,1
0277530235999,1
2999156112425,1
1577542682,1
0892229992780,1
3150529316469,1
3069910652831,1
0398063702996,1
2682309684051,1
1966126702869,1
2183219832154,1
3365817312425,1
1008626823980,1
1433187081558,1
0135809403901,1
0142917313324,1
1250611573270,1
0173163703720,1
1358015581270,1
0940228173324,1
0292815071821,1
0155852542780,1
0155829282996,1
1495163523104,1
2446217314524,1
0599913395705,1
3069931344521,1
3069945245705,1
0490529312598,1
0291942054309,1
1810314331828,1
3606831324521,1
0139564862481,1
3069918283553,1
0029196701314,1
1250611204524,1
3365272242414,1
3312494003901,1
0516327913388,1
0223181785237,1
1433123522996,1
2999165101238,1
0182885262816,1
0486100863365,1
1157351214349,1
0510318995999,1
0486203713104,1
0420528165237,1
1473843493365,1
0892230233559,1
3510117965333,1
1821135802154,1
0195448562075,1
0277640515333,1
3414120752548,1
2670242881120,1
2154263904304,1
2920100703695,1
0150716286469,1
3132110472682,1
0291944273682,1
1828341411731,1
1243820914761,1
4349315053134,1
2722414153695,1
1577533885332,1
3606818283104,1
1157309682414,1
0112964823695,1
1495272243720,1
0817830702996,1
4940043041795,1
0123863701270,1
0123529192598,1
1068114332780,1
0852633123132,1
0307052962682,1
3510228172920,1
0030703645940,1
3414118284,1
0280030232154,1
0207862243,1
1870835534521,1
0307016283695,1
3510315053720,1
1819530704521,1
0299638964521,1
0437133122718,1
0434993881899,1
1266029312920,1
0285714305237,1
0622429981954,1
3512125983365,1
3512124254521,1
0155820505705,1
0215443715332,1
0281628005999,1
0133929994349,1
2037133126659,1
0267028002154,1
0106538964521,1
0390124785999,1
2722435532996,1
2791108045774,1
0189906169,1
1395624813132,1
0111139404304,1
0313281782414,1
4790351215705,1
0486919235999,1
1157246712327,1
1266024143324,1
1507176456659,1
2481147382414,1
0212115582327,1
1191815072780,1
0711818284524,1
3070263906659,1
0292820752078,1
1651012384051,1
0302352962857,1
2428824811983,1
0040516702154,1
2078125064051,1
0516327133980,1
0285728003365,1
0182836623365,1
0277635595999,1
1635212382670,1
2428824813901,1
2682396302791,1
0299916282919,1
0195921211795,1
0646954494521,1
0362636824524,1
0525426705705,1
2682351215333,1
4863357940,1
1025630232718,1
3023124382598,1
2548192073559,1
4543615071954,1
0232744853901,1
2446226702996,1
1983337634,1
2718147382548,1
1810313146469,1
0192333653324,1
3096824143104,1
1292147901795,1
1068119592425,1
0529615074,1
0533351635774,1
0490513143559,1
1872120912670,1
5066125064524,1
2919110471129,1
1959181032154,1
4349206903695,1
0054499402996,1
0271843814310,1
0267090254761,1
0280014332154,1
0313436265705,1
1415165103388,1
2580026826659,1
2548494001899,1
0143371841120,1
0212113141433,1
1485156113553,1
0390163704051,1
0622419594524,1
1270156115332,1
0207867614309,1
0533370024304,1
2091360684869,1
0291993883270,1
2718100863901,1
2857108042414,1
0192323272548,1
3553181954304,1
0182161824790,1
0043814865237,1
0133211292154,1
3963020781899,1
4790454363695,1
2999337633,1
4191223980,1
0420535535066,1
0155817301821,1
0133917311821,1
1558263901120,1
0983112702920,1
1495272243324,1
0438114854869,1
4628331322816,1
0368293885066,1
0490535534869,1
2078123523682,1
0142919834051,1
1111313142327,1
0718453333134,1
0277533121270,1
1314110473388,1
2998176451065,1
3512135332,1
1111333559,1
1104723272816,1
1157336582548,1
0207848453134,1
0307067611899,1
3376311292481,1
3365820913695,1
0136829992091,1
0281627763553,1
0142931343720,1
3312218323980,1
1651039011899,1
1828203712718,1
0711824811959,1
3376330232091,1
2481235944761,1
3388129214869,1
1983315054310,1
0896722314790,1
3096811571120,1
0106551031495,1
0430943814524,1
0430917302996,1
0498312780,1
1731165102791,1
3104236843388,1
0133936955999,1
0195444852327,1
1920730705999,1
0938818286469,1
0307067613134,1
0372027755705,1
3606817312598,1
0165104864524,1
2467133121899,1
0189985263388,1
0205013144521,1
0192339803388,1
0162853334524,1
4309181954761,1
1473811572075,1
1292124815774,1
3388125064521,1
1954187216659,1
1651026822327,1
0336571842996,1
0106538963553,1
2446230702713,1
0268219234761,1
3260028573980,1
0223114293365,1
2467115582091,1
0209136263324,1
0067027182414,1
0155833493901,1
3069943091795,1
